04/01/2010,27.695,,,net gain or loss,,,
05/01/2010,28.15,,,,,,
06/01/2010,28.635,,,,,,
07/01/2010,28.44,,,,,,
08/01/2010,28.97,,,,,,
11/01/2010,28.45,,,,,,
12/01/2010,27.71,28.29285714,BUY,,,,
13/01/2010,27.51,28.26642857,SELL,-0.007217611,-721.7610971,,
14/01/2010,27.49,28.17214286,SELL,,,,
15/01/2010,27.225,27.97071429,SELL,,,,
18/01/2010,28.09,27.92071429,SELL,,,,
19/01/2010,27.965,27.77714286,SELL,,,,
20/01/2010,26.51,27.5,SELL,,,,
21/01/2010,24.88,27.09571429,SELL,,,,
22/01/2010,25.055,26.745,SELL,,,,
25/01/2010,24.59,26.33071429,SELL,,,,
26/01/2010,24.57,25.95142857,SELL,,,,
27/01/2010,23.79,25.33714286,SELL,,,,
28/01/2010,23,24.62785714,SELL,,,,
29/01/2010,23.22,24.15785714,SELL,,,,
01/02/2010,23.79,24.00214286,SELL,,,,
02/02/2010,24.56,23.93142857,SELL,,,,
03/02/2010,23.985,23.845,SELL,,,,
04/02/2010,22.805,23.59285714,SELL,,,,
05/02/2010,22.74,23.44285714,SELL,,,,
08/02/2010,23.255,23.47928571,BUY,,10850376.26,,
09/02/2010,23.61,23.535,BUY,,,,
10/02/2010,23.28,23.46214286,SELL,107.5037626,-309.5693344,100107.5038,99690.43067
11/02/2010,23.475,23.30714286,SELL,,,,
12/02/2010,23.1,23.18071429,SELL,,,,
15/02/2010,23.49,23.27857143,BUY,,,,
16/02/2010,24.39,23.51428571,BUY,,,,
17/02/2010,24.435,23.68285714,BUY,,,,
18/02/2010,25.02,23.88428571,BUY,,,,
19/02/2010,24.575,24.06928571,BUY,,,,
22/02/2010,24.47,24.21142857,BUY,,,,
23/02/2010,23.8,24.31142857,BUY,,,,
24/02/2010,23.85,24.36285714,BUY,,,,
25/02/2010,23.065,24.17357143,SELL,,,,
26/02/2010,23.9,24.09714286,SELL,,,,
01/03/2010,24.5,,,,,,
02/03/2010,25.19,,,,,,
03/03/2010,26.205,,,,,,
04/03/2010,25.905,,,,,,
05/03/2010,26.645,,,,,,
08/03/2010,26.645,,,,,,
09/03/2010,26.485,,,,,,
10/03/2010,27.1,,,,,,
11/03/2010,26.785,,,,,,
12/03/2010,27.08,,,,,,
15/03/2010,26.64,,,,,,
16/03/2010,26.8,,,,,,
17/03/2010,27.275,,,,,,
18/03/2010,27.33,,,,,,
19/03/2010,26.64,,,,,,
22/03/2010,26.84,,,,,,
23/03/2010,27.175,,,,,,
24/03/2010,27.42,,,,,,
25/03/2010,27.77,,,,,,
26/03/2010,27.955,,,,,,
29/03/2010,28.325,,,,,,
30/03/2010,28.34,,,,,,
31/03/2010,28.74,,,,,,
01/04/2010,29.47,,,,,,
06/04/2010,29.97,,,,,,
07/04/2010,29.61,,,,,,
08/04/2010,29.065,,,,,,
09/04/2010,29.795,,,,,,
12/04/2010,29.48,,,,,,
13/04/2010,29.43,,,,,,
14/04/2010,29.825,,,,,,
15/04/2010,29.7,,,,,,
16/04/2010,28.82,,,,,,
19/04/2010,28.4,,,,,,
20/04/2010,28.7,,,,,,
21/04/2010,28.14,,,,,,
22/04/2010,28,,,,,,
23/04/2010,28.6,,,,,,
26/04/2010,29.375,,,,,,
27/04/2010,28.01,,,,,,
28/04/2010,28.075,,,,,,
29/04/2010,28.8,,,,,,
30/04/2010,28.055,,,,,,
04/05/2010,26.15,,,,,,
05/05/2010,25.765,,,,,,
06/05/2010,25.455,,,,,,
07/05/2010,25.015,,,,,,
10/05/2010,27.52,,,,,,
11/05/2010,26.775,,,,,,
12/05/2010,26.91,,,,,,
13/05/2010,27.51,,,,,,
14/05/2010,26.035,,,,,,
17/05/2010,25.94,,,,,,
18/05/2010,26.59,,,,,,
19/05/2010,24.95,,,,,,
20/05/2010,24.16,,,,,,
21/05/2010,24.79,,,,,,
24/05/2010,25.28,,,,,,
25/05/2010,24.625,,,,,,
26/05/2010,25.88,,,,,,
27/05/2010,26.85,,,,,,
28/05/2010,26.61,,,,,,
01/06/2010,26.475,,,,,,
02/06/2010,25.915,,,,,,
03/06/2010,26.05,,,,,,
04/06/2010,25.175,,,,,,
07/06/2010,24.58,,,,,,
08/06/2010,24.775,,,,,,
09/06/2010,25.385,,,,,,
10/06/2010,26.215,,,,,,
11/06/2010,25.765,,,,,,
14/06/2010,26.725,,,,,,
15/06/2010,26.82,,,,,,
16/06/2010,26.79,,,,,,
17/06/2010,26.725,,,,,,
18/06/2010,26.45,,,,,,
21/06/2010,27.365,,,,,,
22/06/2010,26.825,,,,,,
23/06/2010,26.21,,,,,,
24/06/2010,25.45,,,,,,
25/06/2010,24.75,,,,,,
28/06/2010,25.305,,,,,,
29/06/2010,23.88,,,,,,
30/06/2010,23.505,,,,,,
01/07/2010,22.715,,,,,,
02/07/2010,23.035,,,,,,
05/07/2010,22.55,,,,,,
06/07/2010,23.605,,,,,,
07/07/2010,23.655,,,,,,
08/07/2010,24.12,,,,,,
09/07/2010,24.22,,,,,,
12/07/2010,23.85,,,,,,
13/07/2010,24.145,,,,,,
14/07/2010,24.165,,,,,,
15/07/2010,23.66,,,,,,
16/07/2010,23.385,,,,,,
19/07/2010,23.53,,,,,,
20/07/2010,23.77,,,,,,
21/07/2010,24.09,,,,,,
22/07/2010,24.775,,,,,,
23/07/2010,25.225,,,,,,
26/07/2010,25.39,,,,,,
27/07/2010,25.345,,,,,,
28/07/2010,25.395,,,,,,
29/07/2010,25.41,,,,,,
30/07/2010,25.245,,,,,,
02/08/2010,26.27,,,,,,
03/08/2010,26.04,,,,,,
04/08/2010,25.87,,,,,,
05/08/2010,25.8,,,,,,
06/08/2010,25.31,,,,,,
09/08/2010,25.34,,,,,,
10/08/2010,24.735,,,,,,
11/08/2010,23.58,,,,,,
12/08/2010,23.765,,,,,,
13/08/2010,23.705,,,,,,
16/08/2010,24.09,,,,,,
17/08/2010,24.73,,,,,,
18/08/2010,24.21,,,,,,
19/08/2010,23.6,,,,,,
20/08/2010,23.4,,,,,,
23/08/2010,23.635,,,,,,
24/08/2010,23.2,,,,,,
25/08/2010,22.54,,,,,,
26/08/2010,23.02,,,,,,
27/08/2010,22.955,,,,,,
31/08/2010,23.4,,,,,,
01/09/2010,24.565,,,,,,
02/09/2010,24.65,,,,,,
03/09/2010,25.11,,,,,,
06/09/2010,24.925,,,,,,
07/09/2010,24.605,,,,,,
08/09/2010,24.99,,,,,,
09/09/2010,25.37,,,,,,
10/09/2010,25.06,,,,,,
13/09/2010,25.87,,,,,,
14/09/2010,25.72,,,,,,
15/09/2010,25.5,,,,,,
16/09/2010,25.16,,,,,,
17/09/2010,25.155,,,,,,
20/09/2010,25.465,,,,,,
21/09/2010,25.295,,,,,,
22/09/2010,25.6,,,,,,
23/09/2010,25.505,,,,,,
24/09/2010,25.35,,,,,,
27/09/2010,25.31,,,,,,
28/09/2010,25.51,,,,,,
29/09/2010,25.315,,,,,,
30/09/2010,25.255,,,,,,
01/10/2010,25.7,,,,,,
04/10/2010,25.38,,,,,,
05/10/2010,26.415,,,,,,
06/10/2010,27.52,,,,,,
07/10/2010,26.645,,,,,,
08/10/2010,27.26,,,,,,
11/10/2010,27.325,,,,,,
12/10/2010,27.365,,,,,,
13/10/2010,28.84,,,,,,
14/10/2010,28.635,,,,,,
15/10/2010,28.665,,,,,,
18/10/2010,28.465,,,,,,
19/10/2010,27.815,,,,,,
20/10/2010,28.71,,,,,,
21/10/2010,29.435,,,,,,
22/10/2010,29.16,,,,,,
25/10/2010,29.82,,,,,,
26/10/2010,29.3,,,,,,
27/10/2010,28.605,,,,,,
28/10/2010,28.94,,,,,,
29/10/2010,29.08,,,,,,
01/11/2010,28.705,,,,,,
02/11/2010,29.235,,,,,,
03/11/2010,28.905,,,,,,
04/11/2010,29.65,,,,,,
05/11/2010,30.29,,,,,,
08/11/2010,29.555,,,,,,
09/11/2010,29.59,,,,,,
10/11/2010,29.55,,,,,,
11/11/2010,30.55,,,,,,
12/11/2010,30.12,,,,,,
15/11/2010,30.36,,,,,,
16/11/2010,28.865,,,,,,
17/11/2010,28.96,,,,,,
18/11/2010,29.58,,,,,,
19/11/2010,29.39,,,,,,
22/11/2010,28.89,,,,,,
23/11/2010,28.335,,,,,,
24/11/2010,29.08,,,,,,
25/11/2010,29.855,,,,,,
26/11/2010,29.045,,,,,,
29/11/2010,28.21,,,,,,
30/11/2010,28.205,,,,,,
01/12/2010,28.985,,,,,,
02/12/2010,29.995,,,,,,
03/12/2010,30.505,,,,,,
06/12/2010,30.62,,,,,,
07/12/2010,30.62,,,,,,
08/12/2010,29.705,,,,,,
09/12/2010,29.95,,,,,,
10/12/2010,30.275,,,,,,
13/12/2010,30.535,,,,,,
14/12/2010,30.8,,,,,,
15/12/2010,31.095,,,,,,
16/12/2010,31.235,,,,,,
17/12/2010,31.5,,,,,,
20/12/2010,31.415,,,,,,
21/12/2010,32.725,,,,,,
22/12/2010,33.1,,,,,,
23/12/2010,33.23,,,,,,
24/12/2010,33.07,,,,,,
29/12/2010,33.755,,,,,,
30/12/2010,33.86,,,,,,
31/12/2010,33.355,,,,,,
04/01/2011,34.07,,,,,,
05/01/2011,33.485,,,,,,
06/01/2011,33.095,,,,,,
07/01/2011,32.81,,,,,,
10/01/2011,32.265,,,,,,
11/01/2011,32.835,,,,,,
12/01/2011,33.965,,,,,,
13/01/2011,34.1,,,,,,
14/01/2011,33,,,,,,
17/01/2011,32.895,,,,,,
18/01/2011,33.2,,,,,,
19/01/2011,32.19,,,,,,
20/01/2011,30.67,,,,,,
21/01/2011,30.91,,,,,,
24/01/2011,31.26,,,,,,
25/01/2011,30.75,,,,,,
26/01/2011,31.555,,,,,,
27/01/2011,31.43,,,,,,
28/01/2011,30.31,,,,,,
31/01/2011,30.625,,,,,,
01/02/2011,31.67,,,,,,
02/02/2011,32.735,,,,,,
03/02/2011,32.4,,,,,,
04/02/2011,33.35,,,,,,
07/02/2011,34.11,,,,,,
08/02/2011,34.06,,,,,,
09/02/2011,32.975,,,,,,
10/02/2011,33.085,,,,,,
11/02/2011,34.215,,,,,,
14/02/2011,34.37,,,,,,
15/02/2011,33.065,,,,,,
16/02/2011,33.305,,,,,,
17/02/2011,32.955,,,,,,
18/02/2011,32.27,,,,,,
21/02/2011,31.85,,,,,,
22/02/2011,32.08,,,,,,
23/02/2011,31.16,,,,,,
24/02/2011,31.785,,,,,,
25/02/2011,33.07,,,,,,
28/02/2011,33.335,,,,,,
01/03/2011,33.06,,,,,,
02/03/2011,32.68,,,,,,
03/03/2011,33.605,,,,,,
04/03/2011,33.25,,,,,,
07/03/2011,32.86,,,,,,
08/03/2011,32.51,,,,,,
09/03/2011,32.185,,,,,,
10/03/2011,31.12,,,,,,
11/03/2011,31.285,,,,,,
14/03/2011,30.895,,,,,,
15/03/2011,30.315,,,,,,
16/03/2011,29.545,,,,,,
17/03/2011,29.93,,,,,,
18/03/2011,30.37,,,,,,
21/03/2011,30.615,,,,,,
22/03/2011,30.565,,,,,,
23/03/2011,31.17,,,,,,
24/03/2011,31.845,,,,,,
25/03/2011,32.11,,,,,,
28/03/2011,31.84,,,,,,
29/03/2011,32.52,,,,,,
30/03/2011,32.24,,,,,,
31/03/2011,32.07,,,,,,
01/04/2011,32.56,,,,,,
04/04/2011,32.845,,,,,,
05/04/2011,32.73,,,,,,
06/04/2011,32.94,,,,,,
07/04/2011,32.19,,,,,,
08/04/2011,33.44,,,,,,
11/04/2011,33.395,,,,,,
12/04/2011,31.87,,,,,,
13/04/2011,31.465,,,,,,
14/04/2011,31.36,,,,,,
15/04/2011,31.385,,,,,,
18/04/2011,29.83,,,,,,
19/04/2011,30.53,,,,,,
20/04/2011,31.75,,,,,,
21/04/2011,31.62,,,,,,
26/04/2011,31.32,,,,,,
27/04/2011,30.845,,,,,,
28/04/2011,31.205,,,,,,
03/05/2011,31.15,,,,,,
04/05/2011,30.15,,,,,,
05/05/2011,29.45,,,,,,
06/05/2011,30.56,,,,,,
09/05/2011,30.17,,,,,,
10/05/2011,30.55,,,,,,
11/05/2011,29.91,,,,,,
12/05/2011,29.365,,,,,,
13/05/2011,29.175,,,,,,
16/05/2011,29.785,,,,,,
17/05/2011,29.135,,,,,,
18/05/2011,29.76,,,,,,
19/05/2011,29.605,,,,,,
20/05/2011,29.515,,,,,,
23/05/2011,28.305,,,,,,
24/05/2011,28.735,,,,,,
25/05/2011,28.805,,,,,,
26/05/2011,29.44,,,,,,
27/05/2011,29.92,,,,,,
31/05/2011,30.3,,,,,,
01/06/2011,30.165,,,,,,
02/06/2011,29.5,,,,,,
03/06/2011,29.4,,,,,,
06/06/2011,29.84,,,,,,
07/06/2011,29.74,,,,,,
08/06/2011,29.245,,,,,,
09/06/2011,29.885,,,,,,
10/06/2011,28.91,,,,,,
13/06/2011,29.005,,,,,,
14/06/2011,29.025,,,,,,
15/06/2011,28.635,,,,,,
16/06/2011,28.11,,,,,,
17/06/2011,28.36,,,,,,
20/06/2011,28.16,,,,,,
21/06/2011,29.15,,,,,,
22/06/2011,29.15,,,,,,
23/06/2011,28.18,,,,,,
24/06/2011,28.55,,,,,,
27/06/2011,28.825,,,,,,
28/06/2011,29.57,,,,,,
29/06/2011,30.15,,,,,,
30/06/2011,30.875,,,,,,
01/07/2011,31.02,,,,,,
04/07/2011,31.15,,,,,,
05/07/2011,31.26,,,,,,
06/07/2011,31.16,,,,,,
07/07/2011,31.81,,,,,,
08/07/2011,31.28,,,,,,
11/07/2011,30.4,,,,,,
12/07/2011,29.92,,,,,,
13/07/2011,30.35,,,,,,
14/07/2011,30.06,,,,,,
15/07/2011,29.72,,,,,,
18/07/2011,29.025,,,,,,
19/07/2011,29.535,,,,,,
20/07/2011,29.74,,,,,,
21/07/2011,29.895,,,,,,
22/07/2011,30.25,,,,,,
25/07/2011,30.265,,,,,,
26/07/2011,30.615,,,,,,
27/07/2011,30.22,,,,,,
28/07/2011,29.98,,,,,,
29/07/2011,29,,,,,,
01/08/2011,28.705,,,,,,
02/08/2011,28.025,,,,,,
03/08/2011,27.795,,,,,,
04/08/2011,26.1,,,,,,
05/08/2011,25.21,,,,,,
08/08/2011,23.65,,,,,,
09/08/2011,24.195,,,,,,
10/08/2011,23.14,,,,,,
11/08/2011,23.86,,,,,,
12/08/2011,24.31,,,,,,
15/08/2011,24.48,,,,,,
16/08/2011,24.605,,,,,,
17/08/2011,24.71,,,,,,
18/08/2011,22.99,,,,,,
19/08/2011,22.385,,,,,,
22/08/2011,22.495,,,,,,
23/08/2011,22.34,,,,,,
24/08/2011,22.87,,,,,,
25/08/2011,23.015,,,,,,
26/08/2011,23.355,,,,,,
30/08/2011,24.83,,,,,,
31/08/2011,25.675,,,,,,
01/09/2011,25.795,,,,,,
02/09/2011,24.58,,,,,,
05/09/2011,23.685,,,,,,
06/09/2011,23.83,,,,,,
07/09/2011,24.755,,,,,,
08/09/2011,24.86,,,,,,
09/09/2011,24.04,,,,,,
12/09/2011,23.585,,,,,,
13/09/2011,24.09,,,,,,
14/09/2011,24.21,,,,,,
15/09/2011,24.965,,,,,,
16/09/2011,25.235,,,,,,
19/09/2011,24.07,,,,,,
20/09/2011,24.55,,,,,,
21/09/2011,24.065,,,,,,
22/09/2011,22.3,,,,,,
23/09/2011,22.53,,,,,,
26/09/2011,22.64,,,,,,
27/09/2011,24.265,,,,,,
28/09/2011,23.405,,,,,,
29/09/2011,22.915,,,,,,
30/09/2011,22.29,,,,,,
03/10/2011,22.14,,,,,,
04/10/2011,21.385,,,,,,
05/10/2011,22.31,,,,,,
06/10/2011,23.345,,,,,,
07/10/2011,23.3,,,,,,
10/10/2011,24.17,,,,,,
11/10/2011,23.91,,,,,,
12/10/2011,24.2,,,,,,
13/10/2011,23.055,,,,,,
14/10/2011,23.615,,,,,,
17/10/2011,23.04,,,,,,
18/10/2011,22.7,,,,,,
19/10/2011,22.71,,,,,,
20/10/2011,21.805,,,,,,
21/10/2011,22.2,,,,,,
24/10/2011,23.155,,,,,,
25/10/2011,22.995,,,,,,
26/10/2011,23.08,,,,,,
27/10/2011,24.66,,,,,,
28/10/2011,24.62,,,,,,
31/10/2011,22.935,,,,,,
01/11/2011,22.445,,,,,,
02/11/2011,22.995,,,,,,
03/11/2011,23.565,,,,,,
04/11/2011,23.385,,,,,,
07/11/2011,23.695,,,,,,
08/11/2011,24.15,,,,,,
09/11/2011,23.53,,,,,,
10/11/2011,23.835,,,,,,
11/11/2011,24.67,,,,,,
14/11/2011,24.48,,,,,,
15/11/2011,24.535,,,,,,
16/11/2011,24.65,,,,,,
17/11/2011,23.94,,,,,,
18/11/2011,23.59,,,,,,
21/11/2011,22.41,,,,,,
22/11/2011,22.315,,,,,,
23/11/2011,21.885,,,,,,
24/11/2011,21.96,,,,,,
25/11/2011,22.215,,,,,,
28/11/2011,23.165,,,,,,
29/11/2011,23.085,,,,,,
30/11/2011,24.2,,,,,,
01/12/2011,24.27,,,,,,
02/12/2011,24.71,,,,,,
05/12/2011,25.015,,,,,,
06/12/2011,24.945,,,,,,
07/12/2011,24.825,,,,,,
08/12/2011,24,,,,,,
09/12/2011,24.49,,,,,,
12/12/2011,23.47,,,,,,
13/12/2011,23.675,,,,,,
14/12/2011,22.795,,,,,,
15/12/2011,23.08,,,,,,
16/12/2011,22.985,,,,,,
19/12/2011,22.745,,,,,,
20/12/2011,23.285,,,,,,
21/12/2011,23,,,,,,
22/12/2011,23.42,,,,,,
23/12/2011,23.585,,,,,,
28/12/2011,23.38,,,,,,
29/12/2011,23.67,,,,,,
30/12/2011,23.79,,,,,,
03/01/2012,24.97,,,,,,
04/01/2012,24.715,,,,,,
05/01/2012,24.55,,,,,,
06/01/2012,24.69,,,,,,
09/01/2012,24.385,,,,,,
10/01/2012,25.185,,,,,,
11/01/2012,25.27,,,,,,
12/01/2012,25.55,,,,,,
13/01/2012,25.705,,,,,,
16/01/2012,25.95,,,,,,
17/01/2012,26.335,,,,,,
18/01/2012,26.48,,,,,,
19/01/2012,26.475,,,,,,
20/01/2012,26.6,,,,,,
23/01/2012,26.855,,,,,,
24/01/2012,26.565,,,,,,
25/01/2012,26.545,,,,,,
26/01/2012,27.37,,,,,,
27/01/2012,26.985,,,,,,
30/01/2012,26.35,,,,,,
31/01/2012,26.24,,,,,,
01/02/2012,27.33,,,,,,
02/02/2012,28.305,,,,,,
03/02/2012,29.1,,,,,,
06/02/2012,28.87,,,,,,
07/02/2012,28.73,,,,,,
08/02/2012,28.62,,,,,,
09/02/2012,28.6,,,,,,
10/02/2012,27.465,,,,,,
13/02/2012,28.17,,,,,,
14/02/2012,27.72,,,,,,
15/02/2012,26.9,,,,,,
16/02/2012,26.44,,,,,,
17/02/2012,26.74,,,,,,
20/02/2012,26.9,,,,,,
21/02/2012,27.155,,,,,,
22/02/2012,27.09,,,,,,
23/02/2012,26.93,,,,,,
24/02/2012,26.935,,,,,,
27/02/2012,26.75,,,,,,
28/02/2012,27.09,,,,,,
29/02/2012,26.495,,,,,,
01/03/2012,26.71,,,,,,
02/03/2012,26.41,,,,,,
05/03/2012,25.69,,,,,,
06/03/2012,25.02,,,,,,
07/03/2012,25.355,,,,,,
08/03/2012,25.705,,,,,,
09/03/2012,25.93,,,,,,
12/03/2012,25.75,,,,,,
13/03/2012,26.065,,,,,,
14/03/2012,25.64,,,,,,
15/03/2012,25.815,,,,,,
16/03/2012,26.18,,,,,,
19/03/2012,26.125,,,,,,
20/03/2012,25.05,,,,,,
21/03/2012,25.03,,,,,,
22/03/2012,24.42,,,,,,
23/03/2012,24.595,,,,,,
26/03/2012,24.63,,,,,,
27/03/2012,24.42,,,,,,
28/03/2012,23.47,,,,,,
29/03/2012,22.965,,,,,,
30/03/2012,23.37,,,,,,
02/04/2012,23.685,,,,,,
03/04/2012,23.395,,,,,,
04/04/2012,22.695,,,,,,
05/04/2012,22.985,,,,,,
10/04/2012,22.015,,,,,,
11/04/2012,22.25,,,,,,
12/04/2012,22.72,,,,,,
13/04/2012,22.625,,,,,,
16/04/2012,22.275,,,,,,
17/04/2012,23.285,,,,,,
18/04/2012,23.115,,,,,,
19/04/2012,23.07,,,,,,
20/04/2012,23.49,,,,,,
23/04/2012,22.94,,,,,,
24/04/2012,23.08,,,,,,
25/04/2012,23.6,,,,,,
26/04/2012,23.645,,,,,,
27/04/2012,23.81,,,,,,
30/04/2012,23.68,,,,,,
01/05/2012,24.12,,,,,,
02/05/2012,23.75,,,,,,
03/05/2012,23.65,,,,,,
04/05/2012,22.63,,,,,,
08/05/2012,21.725,,,,,,
09/05/2012,21.785,,,,,,
10/05/2012,21.86,,,,,,
11/05/2012,21.87,,,,,,
14/05/2012,21.19,,,,,,
15/05/2012,20.855,,,,,,
16/05/2012,20.895,,,,,,
17/05/2012,20.46,,,,,,
18/05/2012,20.19,,,,,,
21/05/2012,20.24,,,,,,
22/05/2012,20.875,,,,,,
23/05/2012,20.055,,,,,,
24/05/2012,20.26,,,,,,
25/05/2012,20.01,,,,,,
28/05/2012,20.17,,,,,,
29/05/2012,20.58,,,,,,
30/05/2012,19.835,,,,,,
31/05/2012,19.71,,,,,,
01/06/2012,19.555,,,,,,
06/06/2012,20.91,,,,,,
07/06/2012,21.33,,,,,,
08/06/2012,20.74,,,,,,
11/06/2012,20.695,,,,,,
12/06/2012,20.96,,,,,,
13/06/2012,21.315,,,,,,
14/06/2012,20.92,,,,,,
15/06/2012,21.3,,,,,,
18/06/2012,21.285,,,,,,
19/06/2012,21.7,,,,,,
20/06/2012,22.15,,,,,,
21/06/2012,21.01,,,,,,
22/06/2012,20.655,,,,,,
25/06/2012,20.095,,,,,,
26/06/2012,20.345,,,,,,
27/06/2012,20.405,,,,,,
28/06/2012,20.39,,,,,,
29/06/2012,20.885,,,,,,
02/07/2012,21.09,,,,,,
03/07/2012,21.545,,,,,,
04/07/2012,21.4,,,,,,
05/07/2012,21.63,,,,,,
06/07/2012,21.04,,,,,,
09/07/2012,20.425,,,,,,
10/07/2012,20.59,,,,,,
11/07/2012,20.555,,,,,,
12/07/2012,20.1,,,,,,
13/07/2012,20.45,,,,,,
16/07/2012,20.22,,,,,,
17/07/2012,19.995,,,,,,
18/07/2012,20.28,,,,,,
19/07/2012,20.35,,,,,,
20/07/2012,20.285,,,,,,
23/07/2012,19.48,,,,,,
24/07/2012,19.34,,,,,,
25/07/2012,19.32,,,,,,
26/07/2012,19.64,,,,,,
27/07/2012,18.94,,,,,,
30/07/2012,19.175,,,,,,
31/07/2012,19,,,,,,
01/08/2012,19.2,,,,,,
02/08/2012,18.54,,,,,,
03/08/2012,19.005,,,,,,
06/08/2012,19.26,,,,,,
07/08/2012,20.08,,,,,,
08/08/2012,20.275,,,,,,
09/08/2012,20.245,,,,,,
10/08/2012,20.4,,,,,,
13/08/2012,20.195,,,,,,
14/08/2012,20.175,,,,,,
15/08/2012,19.395,,,,,,
16/08/2012,19.745,,,,,,
17/08/2012,19.275,,,,,,
20/08/2012,19.145,,,,,,
21/08/2012,19.83,,,,,,
22/08/2012,19.1,,,,,,
23/08/2012,19.415,,,,,,
24/08/2012,18.85,,,,,,
28/08/2012,18.655,,,,,,
29/08/2012,18.16,,,,,,
30/08/2012,17.535,,,,,,
31/08/2012,17.5,,,,,,
03/09/2012,17.73,,,,,,
04/09/2012,17.485,,,,,,
05/09/2012,17.555,,,,,,
06/09/2012,18.405,,,,,,
07/09/2012,19.725,,,,,,
10/09/2012,20.015,,,,,,
11/09/2012,19.55,,,,,,
12/09/2012,19.015,,,,,,
13/09/2012,19.09,,,,,,
14/09/2012,20.84,,,,,,
17/09/2012,20.365,,,,,,
18/09/2012,20.09,,,,,,
19/09/2012,20.34,,,,,,
20/09/2012,19.44,,,,,,
21/09/2012,19.38,,,,,,
24/09/2012,18.875,,,,,,
25/09/2012,19.005,,,,,,
26/09/2012,18.31,,,,,,
27/09/2012,18.475,,,,,,
28/09/2012,18.17,,,,,,
01/10/2012,18.91,,,,,,
02/10/2012,18.75,,,,,,
03/10/2012,18.18,,,,,,
04/10/2012,18.14,,,,,,
05/10/2012,18.125,,,,,,
08/10/2012,18.025,,,,,,
09/10/2012,18.135,,,,,,
10/10/2012,18.255,,,,,,
11/10/2012,18.555,,,,,,
12/10/2012,18.245,,,,,,
15/10/2012,17.885,,,,,,
16/10/2012,18.09,,,,,,
17/10/2012,19.055,,,,,,
18/10/2012,19.005,,,,,,
19/10/2012,18.965,,,,,,
22/10/2012,19.085,,,,,,
23/10/2012,18.585,,,,,,
24/10/2012,18.77,,,,,,
25/10/2012,18.575,,,,,,
26/10/2012,19.335,,,,,,
29/10/2012,19.17,,,,,,
30/10/2012,19.37,,,,,,
31/10/2012,19.03,,,,,,
01/11/2012,19.365,,,,,,
02/11/2012,19.37,,,,,,
05/11/2012,19.33,,,,,,
06/11/2012,19.32,,,,,,
07/11/2012,18.745,,,,,,
08/11/2012,18.84,,,,,,
09/11/2012,18.66,,,,,,
12/11/2012,18.275,,,,,,
13/11/2012,17.7,,,,,,
14/11/2012,17.25,,,,,,
15/11/2012,16.91,,,,,,
16/11/2012,16.64,,,,,,
19/11/2012,17.105,,,,,,
20/11/2012,16.94,,,,,,
21/11/2012,16.815,,,,,,
22/11/2012,17.045,,,,,,
23/11/2012,17.19,,,,,,
26/11/2012,17.2,,,,,,
27/11/2012,17.145,,,,,,
28/11/2012,17.07,,,,,,
29/11/2012,17.64,,,,,,
30/11/2012,17.325,,,,,,
03/12/2012,17.425,,,,,,
04/12/2012,17.37,,,,,,
05/12/2012,17.8,,,,,,
06/12/2012,18.12,,,,,,
07/12/2012,18.11,,,,,,
10/12/2012,18.145,,,,,,
11/12/2012,18.33,,,,,,
12/12/2012,18.825,,,,,,
13/12/2012,18.57,,,,,,
14/12/2012,18.265,,,,,,
17/12/2012,18.565,,,,,,
18/12/2012,18.945,,,,,,
19/12/2012,18.93,,,,,,
20/12/2012,18.865,,,,,,
21/12/2012,18.775,,,,,,
24/12/2012,18.81,,,,,,
27/12/2012,19.21,,,,,,
28/12/2012,19.04,,,,,,
31/12/2012,18.94,,,,,,
02/01/2013,20.035,,,,,,
03/01/2013,20.145,,,,,,
04/01/2013,20.02,,,,,,
07/01/2013,20.005,,,,,,
08/01/2013,20.28,,,,,,
09/01/2013,20.41,,,,,,
10/01/2013,20.72,,,,,,
11/01/2013,20.42,,,,,,
14/01/2013,20.365,,,,,,
15/01/2013,19.61,,,,,,
16/01/2013,19.01,,,,,,
17/01/2013,18.92,,,,,,
18/01/2013,18.855,,,,,,
21/01/2013,18.995,,,,,,
22/01/2013,18.995,,,,,,
23/01/2013,18.69,,,,,,
24/01/2013,18.945,,,,,,
25/01/2013,18.86,,,,,,
28/01/2013,18.725,,,,,,
29/01/2013,19.295,,,,,,
30/01/2013,18.85,,,,,,
31/01/2013,18.865,,,,,,
01/02/2013,19.54,,,,,,
04/02/2013,19.245,,,,,,
05/02/2013,19.32,,,,,,
06/02/2013,19.445,,,,,,
07/02/2013,19.37,,,,,,
08/02/2013,19.725,,,,,,
11/02/2013,19.715,,,,,,
12/02/2013,19.785,,,,,,
13/02/2013,20.135,,,,,,
14/02/2013,20.13,,,,,,
15/02/2013,20.39,,,,,,
18/02/2013,19.83,,,,,,
19/02/2013,19.955,,,,,,
20/02/2013,19.51,,,,,,
21/02/2013,19.23,,,,,,
22/02/2013,19.42,,,,,,
25/02/2013,19.815,,,,,,
26/02/2013,19.385,,,,,,
27/02/2013,19.525,,,,,,
28/02/2013,19.22,,,,,,
01/03/2013,19,,,,,,
04/03/2013,18.49,,,,,,
05/03/2013,18.785,,,,,,
06/03/2013,18.465,,,,,,
07/03/2013,18.51,,,,,,
08/03/2013,18.505,,,,,,
11/03/2013,18.61,,,,,,
12/03/2013,18.685,,,,,,
13/03/2013,18.6,,,,,,
14/03/2013,18.635,,,,,,
15/03/2013,18.925,,,,,,
18/03/2013,18.735,,,,,,
19/03/2013,18.2,,,,,,
20/03/2013,17.73,,,,,,
21/03/2013,17.56,,,,,,
22/03/2013,17.295,,,,,,
25/03/2013,17.175,,,,,,
26/03/2013,17.36,,,,,,
27/03/2013,17.22,,,,,,
28/03/2013,16.92,,,,,,
02/04/2013,16.74,,,,,,
03/04/2013,16.5,,,,,,
04/04/2013,16.46,,,,,,
05/04/2013,16.395,,,,,,
08/04/2013,16.445,,,,,,
09/04/2013,16.995,,,,,,
10/04/2013,16.95,,,,,,
11/04/2013,16.71,,,,,,
12/04/2013,16.42,,,,,,
15/04/2013,15.75,,,,,,
16/04/2013,15.87,,,,,,
17/04/2013,15.53,,,,,,
18/04/2013,15.62,,,,,,
19/04/2013,15.965,,,,,,
22/04/2013,15.925,,,,,,
23/04/2013,15.955,,,,,,
24/04/2013,16.255,,,,,,
25/04/2013,16.49,,,,,,
26/04/2013,16.06,,,,,,
29/04/2013,16.09,,,,,,
30/04/2013,15.65,,,,,,
01/05/2013,15.635,,,,,,
02/05/2013,15.68,,,,,,
03/05/2013,16.355,,,,,,
07/05/2013,16.23,,,,,,
08/05/2013,16.66,,,,,,
09/05/2013,16.67,,,,,,
10/05/2013,15.91,,,,,,
13/05/2013,15.77,,,,,,
14/05/2013,15.5,,,,,,
15/05/2013,15.44,,,,,,
16/05/2013,15.49,,,,,,
17/05/2013,15.7,,,,,,
20/05/2013,15.53,,,,,,
21/05/2013,16.215,,,,,,
22/05/2013,16.535,,,,,,
23/05/2013,15.7,,,,,,
24/05/2013,15.565,,,,,,
28/05/2013,15.405,,,,,,
29/05/2013,15.38,,,,,,
30/05/2013,15.62,,,,,,
31/05/2013,15.265,,,,,,
03/06/2013,15.4,,,,,,
04/06/2013,15.185,,,,,,
05/06/2013,14.54,,,,,,
06/06/2013,14.4,,,,,,
07/06/2013,14.63,,,,,,
10/06/2013,14.215,,,,,,
11/06/2013,13.715,,,,,,
12/06/2013,13.745,,,,,,
13/06/2013,14,,,,,,
14/06/2013,14.26,,,,,,
17/06/2013,14.07,,,,,,
18/06/2013,14.235,,,,,,
19/06/2013,14.08,,,,,,
20/06/2013,13.59,,,,,,
21/06/2013,13.52,,,,,,
24/06/2013,12.975,,,,,,
25/06/2013,12.99,,,,,,
26/06/2013,12.56,,,,,,
27/06/2013,12.65,,,,,,
28/06/2013,12.66,,,,,,
01/07/2013,12.92,,,,,,
02/07/2013,12.8,,,,,,
03/07/2013,12.07,,,,,,
04/07/2013,12.63,,,,,,
05/07/2013,12.17,,,,,,
08/07/2013,12.45,,,,,,
09/07/2013,12.82,,,,,,
10/07/2013,12.68,,,,,,
11/07/2013,13.37,,,,,,
12/07/2013,12.945,,,,,,
15/07/2013,13.005,,,,,,
16/07/2013,13.24,,,,,,
17/07/2013,13.57,,,,,,
18/07/2013,13.775,,,,,,
19/07/2013,13.79,,,,,,
22/07/2013,14.05,,,,,,
23/07/2013,14.35,,,,,,
24/07/2013,14.38,,,,,,
25/07/2013,13.89,,,,,,
26/07/2013,13.91,,,,,,
29/07/2013,14.22,,,,,,
30/07/2013,14.195,,,,,,
31/07/2013,14.08,,,,,,
01/08/2013,14.83,,,,,,
02/08/2013,14.57,,,,,,
05/08/2013,14.755,,,,,,
06/08/2013,14.16,,,,,,
07/08/2013,13.95,,,,,,
08/08/2013,14.545,,,,,,
09/08/2013,15.425,,,,,,
12/08/2013,15.675,,,,,,
13/08/2013,15.725,,,,,,
14/08/2013,15.45,,,,,,
15/08/2013,14.955,,,,,,
16/08/2013,15.475,,,,,,
19/08/2013,14.925,,,,,,
20/08/2013,14.94,,,,,,
21/08/2013,14.74,,,,,,
22/08/2013,15.045,,,,,,
23/08/2013,15.245,,,,,,
27/08/2013,14.975,,,,,,
28/08/2013,15.305,,,,,,
29/08/2013,15.07,,,,,,
30/08/2013,14.785,,,,,,
02/09/2013,15.36,,,,,,
03/09/2013,15.445,,,,,,
04/09/2013,15.405,,,,,,
05/09/2013,15.71,,,,,,
06/09/2013,15.81,,,,,,
09/09/2013,15.945,,,,,,
10/09/2013,16.32,,,,,,
11/09/2013,16.095,,,,,,
12/09/2013,16.205,,,,,,
13/09/2013,15.685,,,,,,
16/09/2013,15.83,,,,,,
17/09/2013,15.795,,,,,,
18/09/2013,15.775,,,,,,
19/09/2013,16.35,,,,,,
20/09/2013,15.91,,,,,,
23/09/2013,15.735,,,,,,
24/09/2013,15.455,,,,,,
25/09/2013,15.775,,,,,,
26/09/2013,15.695,,,,,,
27/09/2013,15.4,,,,,,
30/09/2013,15.18,,,,,,
01/10/2013,14.845,,,,,,
02/10/2013,15.025,,,,,,
03/10/2013,14.725,,,,,,
04/10/2013,14.91,,,,,,
07/10/2013,14.855,,,,,,
08/10/2013,14.64,,,,,,
09/10/2013,14.485,,,,,,
10/10/2013,14.76,,,,,,
11/10/2013,15.12,,,,,,
14/10/2013,15.235,,,,,,
15/10/2013,15.69,,,,,,
16/10/2013,15.595,,,,,,
17/10/2013,15.53,,,,,,
18/10/2013,15.32,,,,,,
21/10/2013,15.365,,,,,,
22/10/2013,15.56,,,,,,
23/10/2013,14.95,,,,,,
24/10/2013,15.06,,,,,,
25/10/2013,15.08,,,,,,
28/10/2013,15.155,,,,,,
29/10/2013,15.175,,,,,,
30/10/2013,15.34,,,,,,
31/10/2013,14.85,,,,,,
01/11/2013,14.6,,,,,,
04/11/2013,14.945,,,,,,
05/11/2013,15.36,,,,,,
06/11/2013,15.555,,,,,,
07/11/2013,15.12,,,,,,
08/11/2013,14.925,,,,,,
11/11/2013,14.74,,,,,,
12/11/2013,14.405,,,,,,
13/11/2013,14.085,,,,,,
14/11/2013,14.105,,,,,,
15/11/2013,14.3,,,,,,
18/11/2013,14.385,,,,,,
19/11/2013,14,,,,,,
20/11/2013,14.045,,,,,,
21/11/2013,13.845,,,,,,
22/11/2013,13.8,,,,,,
25/11/2013,13.715,,,,,,
26/11/2013,13.345,,,,,,
27/11/2013,13.385,,,,,,
28/11/2013,13.75,,,,,,
29/11/2013,13.49,,,,,,
02/12/2013,12.93,,,,,,
03/12/2013,13.01,,,,,,
04/12/2013,13.115,,,,,,
05/12/2013,13.1,,,,,,
06/12/2013,13.25,,,,,,
09/12/2013,13.245,,,,,,
10/12/2013,13.16,,,,,,
11/12/2013,12.935,,,,,,
12/12/2013,12.75,,,,,,
13/12/2013,12.695,,,,,,
16/12/2013,12.935,,,,,,
17/12/2013,12.81,,,,,,
18/12/2013,12.775,,,,,,
19/12/2013,12.83,,,,,,
20/12/2013,12.61,,,,,,
23/12/2013,12.65,,,,,,
24/12/2013,12.755,,,,,,
27/12/2013,13.095,,,,,,
30/12/2013,13.385,,,,,,
31/12/2013,13.2,,,,,,
02/01/2014,12.92,,,,,,
03/01/2014,12.97,,,,,,
06/01/2014,12.75,,,,,,
07/01/2014,12.765,,,,,,
08/01/2014,12.625,,,,,,
09/01/2014,12.265,,,,,,
10/01/2014,12.495,,,,,,
13/01/2014,12.73,,,,,,
14/01/2014,12.625,,,,,,
15/01/2014,13.325,,,,,,
16/01/2014,13.975,,,,,,
17/01/2014,13.91,,,,,,
20/01/2014,13.93,,,,,,
21/01/2014,13.56,,,,,,
22/01/2014,13.665,,,,,,
23/01/2014,13.805,,,,,,
24/01/2014,13.4,,,,,,
27/01/2014,13.195,,,,,,
28/01/2014,13.435,,,,,,
29/01/2014,14.205,,,,,,
30/01/2014,14.355,,,,,,
31/01/2014,14.36,,,,,,
03/02/2014,13.97,,,,,,
04/02/2014,14.365,,,,,,
05/02/2014,14.52,,,,,,
06/02/2014,14.595,,,,,,
07/02/2014,14.8,,,,,,
10/02/2014,15.01,,,,,,
11/02/2014,15.26,,,,,,
12/02/2014,15.41,,,,,,
13/02/2014,15.335,,,,,,
14/02/2014,15.195,,,,,,
17/02/2014,15.52,,,,,,
18/02/2014,15.87,,,,,,
19/02/2014,15.89,,,,,,
20/02/2014,15.54,,,,,,
21/02/2014,15.605,,,,,,
24/02/2014,15.335,,,,,,
25/02/2014,15.005,,,,,,
26/02/2014,14.94,,,,,,
27/02/2014,15.115,,,,,,
28/02/2014,15.31,,,,,,
03/03/2014,14.785,,,,,,
04/03/2014,15.025,,,,,,
05/03/2014,15.2,,,,,,
06/03/2014,15.65,,,,,,
07/03/2014,14.625,,,,,,
10/03/2014,14.33,,,,,,
11/03/2014,14.355,,,,,,
12/03/2014,14.195,,,,,,
13/03/2014,14.115,,,,,,
14/03/2014,14.23,,,,,,
17/03/2014,14.615,,,,,,
18/03/2014,14.675,,,,,,
19/03/2014,13.885,,,,,,
20/03/2014,14.115,,,,,,
21/03/2014,14.395,,,,,,
24/03/2014,14.4,,,,,,
25/03/2014,14.98,,,,,,
26/03/2014,14.89,,,,,,
27/03/2014,14.87,,,,,,
28/03/2014,15.09,,,,,,
31/03/2014,15.265,,,,,,
01/04/2014,15.215,,,,,,
02/04/2014,15.44,,,,,,
03/04/2014,15.165,,,,,,
04/04/2014,15.65,,,,,,
07/04/2014,15.54,,,,,,
08/04/2014,15.77,,,,,,
09/04/2014,15.58,,,,,,
10/04/2014,15.485,,,,,,
11/04/2014,15.37,,,,,,
14/04/2014,15.435,,,,,,
15/04/2014,15.14,,,,,,
16/04/2014,15.385,,,,,,
17/04/2014,15.47,,,,,,
22/04/2014,15.385,,,,,,
23/04/2014,15.47,,,,,,
24/04/2014,15.665,,,,,,
25/04/2014,15.33,,,,,,
28/04/2014,15.19,,,,,,
29/04/2014,15.425,,,,,,
30/04/2014,15.82,,,,,,
01/05/2014,15.645,,,,,,
02/05/2014,15.65,,,,,,
06/05/2014,15.425,,,,,,
07/05/2014,15.675,,,,,,
08/05/2014,15.89,,,,,,
09/05/2014,16.04,,,,,,
12/05/2014,16.415,,,,,,
13/05/2014,16.375,,,,,,
14/05/2014,16.415,,,,,,
15/05/2014,16.08,,,,,,
16/05/2014,15.615,,,,,,
19/05/2014,15.655,,,,,,
20/05/2014,15.33,,,,,,
21/05/2014,15.465,,,,,,
22/05/2014,15.38,,,,,,
23/05/2014,15.735,,,,,,
27/05/2014,15.57,,,,,,
28/05/2014,15.275,,,,,,
29/05/2014,15.45,,,,,,
30/05/2014,14.575,,,,,,
02/06/2014,14.915,,,,,,
03/06/2014,14.58,,,,,,
04/06/2014,14.61,,,,,,
05/06/2014,14.54,,,,,,
06/06/2014,14.65,,,,,,
09/06/2014,14.715,,,,,,
10/06/2014,14.52,,,,,,
11/06/2014,14.645,,,,,,
12/06/2014,14.18,,,,,,
13/06/2014,14.1,,,,,,
16/06/2014,14.22,,,,,,
17/06/2014,14.22,,,,,,
18/06/2014,14.375,,,,,,
19/06/2014,14.515,,,,,,
20/06/2014,14.565,,,,,,
23/06/2014,14.705,,,,,,
24/06/2014,14.57,,,,,,
25/06/2014,14.275,,,,,,
26/06/2014,14.28,,,,,,
27/06/2014,14.31,,,,,,
30/06/2014,14.3,,,,,,
01/07/2014,14.87,,,,,,
02/07/2014,14.85,,,,,,
03/07/2014,15.25,,,,,,
04/07/2014,15.21,,,,,,
07/07/2014,15.1,,,,,,
08/07/2014,15.005,,,,,,
09/07/2014,15.05,,,,,,
10/07/2014,14.895,,,,,,
11/07/2014,14.79,,,,,,
14/07/2014,15.015,,,,,,
15/07/2014,15.14,,,,,,
16/07/2014,15.64,,,,,,
17/07/2014,15.39,,,,,,
18/07/2014,15.37,,,,,,
21/07/2014,15.455,,,,,,
22/07/2014,16.005,,,,,,
23/07/2014,15.97,,,,,,
24/07/2014,15.85,,,,,,
25/07/2014,16.395,,,,,,
28/07/2014,16.33,,,,,,
29/07/2014,16.48,,,,,,
30/07/2014,16.29,,,,,,
31/07/2014,15.99,,,,,,
01/08/2014,15.8,,,,,,
04/08/2014,15.85,,,,,,
05/08/2014,15.74,,,,,,
06/08/2014,15.7,,,,,,
07/08/2014,15.285,,,,,,
08/08/2014,15.51,,,,,,
11/08/2014,16.025,,,,,,
12/08/2014,15.86,,,,,,
13/08/2014,15.765,,,,,,
14/08/2014,15.84,,,,,,
15/08/2014,15.775,,,,,,
18/08/2014,15.99,,,,,,
19/08/2014,15.785,,,,,,
20/08/2014,15.94,,,,,,
21/08/2014,15.735,,,,,,
22/08/2014,15.565,,,,,,
26/08/2014,15.77,,,,,,
27/08/2014,15.68,,,,,,
28/08/2014,15.125,,,,,,
29/08/2014,15.3,,,,,,
01/09/2014,15.235,,,,,,
02/09/2014,15.62,,,,,,
03/09/2014,15.8,,,,,,
04/09/2014,15.935,,,,,,
05/09/2014,15.645,,,,,,
08/09/2014,15.435,,,,,,
09/09/2014,15.27,,,,,,
10/09/2014,15.145,,,,,,
11/09/2014,14.95,,,,,,
12/09/2014,14.83,,,,,,
15/09/2014,14.885,,,,,,
16/09/2014,14.975,,,,,,
17/09/2014,14.97,,,,,,
18/09/2014,14.895,,,,,,
19/09/2014,14.72,,,,,,
22/09/2014,14.265,,,,,,
23/09/2014,14.285,,,,,,
24/09/2014,14.61,,,,,,
25/09/2014,14.07,,,,,,
26/09/2014,14.065,,,,,,
29/09/2014,13.84,,,,,,
30/09/2014,13.84,,,,,,
01/10/2014,13.635,,,,,,
02/10/2014,13.27,,,,,,
03/10/2014,13.145,,,,,,
06/10/2014,13.48,,,,,,
07/10/2014,13.75,,,,,,
08/10/2014,13.38,,,,,,
09/10/2014,13.56,,,,,,
10/10/2014,13.255,,,,,,
13/10/2014,13.88,,,,,,
14/10/2014,14.23,,,,,,
15/10/2014,13.835,,,,,,
16/10/2014,13.665,,,,,,
17/10/2014,13.65,,,,,,
20/10/2014,13.645,,,,,,
21/10/2014,13.745,,,,,,
22/10/2014,13.565,,,,,,
23/10/2014,13.4,,,,,,
24/10/2014,13.08,,,,,,
27/10/2014,12.965,,,,,,
28/10/2014,13.445,,,,,,
29/10/2014,13.525,,,,,,
30/10/2014,13.205,,,,,,
31/10/2014,13.165,,,,,,
03/11/2014,13.16,,,,,,
04/11/2014,13.255,,,,,,
05/11/2014,13.295,,,,,,
06/11/2014,13.29,,,,,,
07/11/2014,13.645,,,,,,
10/11/2014,13.605,,,,,,
11/11/2014,13.42,,,,,,
12/11/2014,13.645,,,,,,
13/11/2014,13.61,,,,,,
14/11/2014,13.55,,,,,,
17/11/2014,13.725,,,,,,
18/11/2014,13.63,,,,,,
19/11/2014,13.23,,,,,,
20/11/2014,12.935,,,,,,
21/11/2014,13.8,,,,,,
24/11/2014,13.54,,,,,,
25/11/2014,13.295,,,,,,
26/11/2014,13.475,,,,,,
27/11/2014,13.52,,,,,,
28/11/2014,13.215,,,,,,
01/12/2014,13.04,,,,,,
02/12/2014,13.065,,,,,,
03/12/2014,13.2,,,,,,
04/12/2014,12.835,,,,,,
05/12/2014,12.68,,,,,,
08/12/2014,12.44,,,,,,
09/12/2014,12.23,,,,,,
10/12/2014,12.075,,,,,,
11/12/2014,11.73,,,,,,
12/12/2014,11.36,,,,,,
15/12/2014,10.985,,,,,,
16/12/2014,11.38,,,,,,
17/12/2014,11.57,,,,,,
18/12/2014,11.67,,,,,,
19/12/2014,11.93,,,,,,
22/12/2014,11.735,,,,,,
23/12/2014,11.815,,,,,,
24/12/2014,11.82,,,,,,
29/12/2014,12.145,,,,,,
30/12/2014,12.035,,,,,,
31/12/2014,12.005,,,,,,
02/01/2015,11.85,,,,,,
05/01/2015,11.265,,,,,,
06/01/2015,11.55,,,,,,
07/01/2015,11.53,,,,,,
08/01/2015,11.81,,,,,,
09/01/2015,11.525,,,,,,
12/01/2015,11.4,,,,,,
13/01/2015,11.455,,,,,,
14/01/2015,10.425,,,,,,
15/01/2015,10.595,,,,,,
16/01/2015,10.995,,,,,,
19/01/2015,10.895,,,,,,
20/01/2015,11.215,,,,,,
21/01/2015,11.215,,,,,,
22/01/2015,11.45,,,,,,
23/01/2015,11.035,,,,,,
26/01/2015,11.175,,,,,,
27/01/2015,10.9,,,,,,
28/01/2015,11.15,,,,,,
29/01/2015,10.975,,,,,,
30/01/2015,11.13,,,,,,
02/02/2015,11.24,,,,,,
03/02/2015,11.7,,,,,,
04/02/2015,11.5,,,,,,
05/02/2015,11.72,,,,,,
06/02/2015,11.455,,,,,,
09/02/2015,11.84,,,,,,
10/02/2015,11.49,,,,,,
11/02/2015,11.235,,,,,,
12/02/2015,11.655,,,,,,
13/02/2015,12.045,,,,,,
16/02/2015,12.205,,,,,,
17/02/2015,12.35,,,,,,
18/02/2015,12.59,,,,,,
19/02/2015,12.23,,,,,,
20/02/2015,12.465,,,,,,
23/02/2015,11.98,,,,,,
24/02/2015,12.37,,,,,,
25/02/2015,12.25,,,,,,
26/02/2015,12.18,,,,,,
27/02/2015,12.1,,,,,,
02/03/2015,12.01,,,,,,
03/03/2015,12.045,,,,,,
04/03/2015,11.67,,,,,,
05/03/2015,11.645,,,,,,
06/03/2015,11.36,,,,,,
09/03/2015,11.38,,,,,,
10/03/2015,10.815,,,,,,
11/03/2015,10.855,,,,,,
12/03/2015,10.79,,,,,,
13/03/2015,10.55,,,,,,
16/03/2015,10.555,,,,,,
17/03/2015,10.715,,,,,,
18/03/2015,10.695,,,,,,
19/03/2015,10.46,,,,,,
20/03/2015,11.005,,,,,,
23/03/2015,11.14,,,,,,
24/03/2015,10.935,,,,,,
25/03/2015,11.045,,,,,,
26/03/2015,10.765,,,,,,
27/03/2015,10.44,,,,,,
30/03/2015,10.6,,,,,,
31/03/2015,10.12,,,,,,
01/04/2015,10.165,,,,,,
02/04/2015,9.97,,,,,,
07/04/2015,10.255,,,,,,
08/04/2015,10.265,,,,,,
09/04/2015,10.24,,,,,,
10/04/2015,10.22,,,,,,
13/04/2015,9.987,,,,,,
14/04/2015,10.395,,,,,,
15/04/2015,10.55,,,,,,
16/04/2015,10.39,,,,,,
17/04/2015,10.105,,,,,,
20/04/2015,10.38,,,,,,
21/04/2015,10.17,,,,,,
22/04/2015,10.14,,,,,,
23/04/2015,10.62,,,,,,
24/04/2015,10.82,,,,,,
27/04/2015,11.035,,,,,,
28/04/2015,11.29,,,,,,
29/04/2015,11.385,,,,,,
30/04/2015,11.05,,,,,,
01/05/2015,11.65,,,,,,
05/05/2015,11.665,,,,,,
06/05/2015,11.535,,,,,,
07/05/2015,11.07,,,,,,
08/05/2015,11.155,,,,,,
11/05/2015,11.28,,,,,,
12/05/2015,11.32,,,,,,
13/05/2015,11.315,,,,,,
14/05/2015,11.105,,,,,,
15/05/2015,10.905,,,,,,
18/05/2015,10.77,,,,,,
19/05/2015,10.61,,,,,,
20/05/2015,10.645,,,,,,
21/05/2015,10.59,,,,,,
22/05/2015,10.625,,,,,,
26/05/2015,10.365,,,,,,
27/05/2015,10.405,,,,,,
28/05/2015,10.35,,,,,,
29/05/2015,10.26,,,,,,
01/06/2015,10.03,,,,,,
02/06/2015,10.485,,,,,,
03/06/2015,10.48,,,,,,
04/06/2015,10.05,,,,,,
05/06/2015,10.155,,,,,,
08/06/2015,10.055,,,,,,
09/06/2015,9.854,,,,,,
10/06/2015,10.1,,,,,,
11/06/2015,10.075,,,,,,
12/06/2015,10.06,,,,,,
15/06/2015,9.944,,,,,,
16/06/2015,9.722,,,,,,
17/06/2015,9.656,,,,,,
18/06/2015,9.907,,,,,,
19/06/2015,9.866,,,,,,
22/06/2015,9.951,,,,,,
23/06/2015,9.967,,,,,,
24/06/2015,10.08,,,,,,
25/06/2015,9.948,,,,,,
26/06/2015,9.596,,,,,,
29/06/2015,9.485,,,,,,
30/06/2015,9.185,,,,,,
01/07/2015,9.101,,,,,,
02/07/2015,9.182,,,,,,
03/07/2015,9.024,,,,,,
06/07/2015,8.832,,,,,,
07/07/2015,8.323,,,,,,
08/07/2015,8.456,,,,,,
09/07/2015,8.592,,,,,,
10/07/2015,8.63,,,,,,
13/07/2015,8.782,,,,,,
14/07/2015,8.695,,,,,,
15/07/2015,8.744,,,,,,
16/07/2015,8.903,,,,,,
17/07/2015,8.774,,,,,,
20/07/2015,8.673,,,,,,
21/07/2015,8.617,,,,,,
22/07/2015,8.135,,,,,,
23/07/2015,8.064,,,,,,
24/07/2015,7.78,,,,,,
27/07/2015,7.726,,,,,,
28/07/2015,7.966,,,,,,
29/07/2015,8.136,,,,,,
30/07/2015,8.057,,,,,,
31/07/2015,8.112,,,,,,
03/08/2015,7.79,,,,,,
04/08/2015,7.845,,,,,,
05/08/2015,7.981,,,,,,
06/08/2015,7.754,,,,,,
07/08/2015,8.005,,,,,,
10/08/2015,8.084,,,,,,
11/08/2015,7.748,,,,,,
12/08/2015,7.7,,,,,,
13/08/2015,7.649,,,,,,
14/08/2015,7.568,,,,,,
17/08/2015,7.552,,,,,,
18/08/2015,7.419,,,,,,
19/08/2015,7.094,,,,,,
20/08/2015,7.405,,,,,,
21/08/2015,7.328,,,,,,
24/08/2015,6.602,,,,,,
25/08/2015,6.837,,,,,,
26/08/2015,6.643,,,,,,
27/08/2015,7.263,,,,,,
28/08/2015,7.41,,,,,,
01/09/2015,6.844,,,,,,
02/09/2015,6.838,,,,,,
03/09/2015,7.25,,,,,,
04/09/2015,6.685,,,,,,
07/09/2015,6.777,,,,,,
08/09/2015,7.039,,,,,,
09/09/2015,7.429,,,,,,
10/09/2015,7.17,,,,,,
11/09/2015,7.184,,,,,,
14/09/2015,7.169,,,,,,
15/09/2015,7.352,,,,,,
16/09/2015,7.493,,,,,,
17/09/2015,7.354,,,,,,
18/09/2015,7.2,,,,,,
21/09/2015,6.949,,,,,,
22/09/2015,6.481,,,,,,
23/09/2015,6.581,,,,,,
24/09/2015,6.246,,,,,,
25/09/2015,6.147,,,,,,
28/09/2015,5.527,,,,,,
29/09/2015,5.431,,,,,,
30/09/2015,5.509,,,,,,
01/10/2015,5.55,,,,,,
02/10/2015,5.536,,,,,,
05/10/2015,5.795,,,,,,
06/10/2015,6.042,,,,,,
07/10/2015,6.645,,,,,,
08/10/2015,6.775,,,,,,
09/10/2015,7.265,,,,,,
12/10/2015,6.917,,,,,,
13/10/2015,6.792,,,,,,
14/10/2015,6.81,,,,,,
15/10/2015,6.77,,,,,,
16/10/2015,6.753,,,,,,
19/10/2015,6.255,,,,,,
20/10/2015,6.23,,,,,,
21/10/2015,6.046,,,,,,
22/10/2015,5.969,,,,,,
23/10/2015,6.099,,,,,,
26/10/2015,5.909,,,,,,
27/10/2015,5.574,,,,,,
28/10/2015,5.63,,,,,,
29/10/2015,5.37,,,,,,
30/10/2015,5.466,,,,,,
02/11/2015,5.443,,,,,,
03/11/2015,5.619,,,,,,
04/11/2015,5.791,,,,,,
05/11/2015,5.346,,,,,,
06/11/2015,5.254,,,,,,
09/11/2015,5.16,,,,,,
10/11/2015,4.918,,,,,,
11/11/2015,4.928,,,,,,
12/11/2015,4.499,,,,,,
13/11/2015,4.562,,,,,,
16/11/2015,4.54,,,,,,
17/11/2015,4.31,,,,,,
18/11/2015,4.494,,,,,,
19/11/2015,4.508,,,,,,
20/11/2015,4.465,,,,,,
23/11/2015,4.411,,,,,,
24/11/2015,4.52,,,,,,
25/11/2015,4.172,,,,,,
26/11/2015,4.358,,,,,,
27/11/2015,4.001,,,,,,
30/11/2015,4.086,,,,,,
01/12/2015,4.063,,,,,,
02/12/2015,3.975,,,,,,
03/12/2015,3.869,,,,,,
04/12/2015,3.76,,,,,,
07/12/2015,3.69,,,,,,
08/12/2015,3.236,,,,,,
09/12/2015,3.197,,,,,,
10/12/2015,3.186,,,,,,
11/12/2015,2.929,,,,,,
14/12/2015,2.808,,,,,,
15/12/2015,2.711,,,,,,
16/12/2015,2.782,,,,,,
17/12/2015,2.635,,,,,,
18/12/2015,2.786,,,,,,
21/12/2015,2.805,,,,,,
22/12/2015,2.965,,,,,,
23/12/2015,3.234,,,,,,
24/12/2015,3.28,,,,,,
29/12/2015,3.074,,,,,,
30/12/2015,3.018,,,,,,
31/12/2015,2.994,,,,,,
04/01/2016,2.779,,,,,,
05/01/2016,2.832,,,,,,
06/01/2016,2.704,,,,,,
07/01/2016,2.406,,,,,,
08/01/2016,2.292,,,,,,
11/01/2016,2.304,,,,,,
12/01/2016,2.325,,,,,,
13/01/2016,2.314,,,,,,
14/01/2016,2.629,,,,,,
15/01/2016,2.328,,,,,,
18/01/2016,2.326,,,,,,
19/01/2016,2.388,,,,,,
20/01/2016,2.21,,,,,,
21/01/2016,2.48,,,,,,
22/01/2016,2.267,,,,,,
25/01/2016,2.266,,,,,,
26/01/2016,2.533,,,,,,
27/01/2016,2.538,,,,,,
28/01/2016,2.759,,,,,,
29/01/2016,2.774,,,,,,
01/02/2016,2.74,,,,,,
02/02/2016,2.521,,,,,,
03/02/2016,2.737,,,,,,
04/02/2016,3.283,,,,,,
05/02/2016,3.634,,,,,,
08/02/2016,3.761,,,,,,
09/02/2016,3.338,,,,,,
10/02/2016,3.27,,,,,,
11/02/2016,3.159,,,,,,
12/02/2016,3.739,,,,,,
15/02/2016,3.93,,,,,,
16/02/2016,3.979,,,,,,
17/02/2016,4.68,,,,,,
18/02/2016,4.32,,,,,,
19/02/2016,4.366,,,,,,
22/02/2016,4.838,,,,,,
23/02/2016,4.531,,,,,,
24/02/2016,4.098,,,,,,
25/02/2016,4.221,,,,,,
26/02/2016,4.506,,,,,,
29/02/2016,4.803,,,,,,
01/03/2016,4.913,,,,,,
02/03/2016,5.241,,,,,,
03/03/2016,5.33,,,,,,
04/03/2016,5.92,,,,,,
07/03/2016,6.281,,,,,,
08/03/2016,5.309,,,,,,
09/03/2016,5.303,,,,,,
10/03/2016,5.028,,,,,,
11/03/2016,5.156,,,,,,
14/03/2016,5.465,,,,,,
15/03/2016,4.874,,,,,,
16/03/2016,4.927,,,,,,
17/03/2016,5.409,,,,,,
18/03/2016,5.554,,,,,,
21/03/2016,5.495,,,,,,
22/03/2016,5.533,,,,,,
23/03/2016,5.235,,,,,,
24/03/2016,5.008,,,,,,
29/03/2016,4.791,,,,,,
30/03/2016,5.357,,,,,,
31/03/2016,5.521,,,,,,
01/04/2016,5.384,,,,,,
04/04/2016,5.475,,,,,,
05/04/2016,5.257,,,,,,
06/04/2016,5.225,,,,,,
07/04/2016,5.061,,,,,,
08/04/2016,5.472,,,,,,
11/04/2016,5.851,,,,,,
12/04/2016,6.387,,,,,,
13/04/2016,7.093,,,,,,
14/04/2016,6.902,,,,,,
15/04/2016,6.783,,,,,,
18/04/2016,6.936,,,,,,
19/04/2016,7.525,,,,,,
20/04/2016,7.92,,,,,,
21/04/2016,7.473,,,,,,
22/04/2016,7.328,,,,,,
25/04/2016,6.791,,,,,,
26/04/2016,6.672,,,,,,
27/04/2016,6.969,,,,,,
28/04/2016,7.532,,,,,,
29/04/2016,7.634,,,,,,
03/05/2016,6.657,,,,,,
04/05/2016,6.432,,,,,,
05/05/2016,6.546,,,,,,
06/05/2016,6.494,,,,,,
09/05/2016,5.595,,,,,,
10/05/2016,5.858,,,,,,
11/05/2016,6.173,,,,,,
12/05/2016,5.75,,,,,,
13/05/2016,5.782,,,,,,
16/05/2016,6.095,,,,,,
17/05/2016,6.287,,,,,,
18/05/2016,6.061,,,,,,
19/05/2016,5.793,,,,,,
20/05/2016,6.003,,,,,,
23/05/2016,5.984,,,,,,
24/05/2016,6.085,,,,,,
25/05/2016,6.202,,,,,,
26/05/2016,6.292,,,,,,
27/05/2016,6.12,,,,,,
31/05/2016,6.001,,,,,,
01/06/2016,5.921,,,,,,
02/06/2016,5.875,,,,,,
03/06/2016,6.179,,,,,,
06/06/2016,6.866,,,,,,
07/06/2016,6.655,,,,,,
08/06/2016,6.975,,,,,,
09/06/2016,6.66,,,,,,
10/06/2016,6.425,,,,,,
13/06/2016,6.354,,,,,,
14/06/2016,5.995,,,,,,
15/06/2016,6.31,,,,,,
16/06/2016,6.124,,,,,,
17/06/2016,6.365,,,,,,
20/06/2016,6.7,,,,,,
21/06/2016,6.583,,,,,,
22/06/2016,6.705,,,,,,
23/06/2016,6.947,,,,,,
24/06/2016,6.59,,,,,,
27/06/2016,6.299,,,,,,
28/06/2016,6.449,,,,,,
29/06/2016,6.969,,,,,,
30/06/2016,7.269,,,,,,
01/07/2016,7.58,,,,,,
04/07/2016,7.64,,,,,,
05/07/2016,7.398,,,,,,
06/07/2016,7.302,,,,,,
07/07/2016,7.465,,,,,,
08/07/2016,7.45,,,,,,
11/07/2016,8.089,,,,,,
12/07/2016,8.305,,,,,,
13/07/2016,8.122,,,,,,
14/07/2016,8.434,,,,,,
15/07/2016,8.361,,,,,,
18/07/2016,8.32,,,,,,
19/07/2016,8.136,,,,,,
20/07/2016,7.744,,,,,,
21/07/2016,7.877,,,,,,
22/07/2016,7.757,,,,,,
25/07/2016,7.758,,,,,,
26/07/2016,7.821,,,,,,
27/07/2016,7.992,,,,,,
28/07/2016,8.426,,,,,,
29/07/2016,8.305,,,,,,
01/08/2016,8.488,,,,,,
02/08/2016,8.35,,,,,,
03/08/2016,8.354,,,,,,
04/08/2016,8.45,,,,,,
05/08/2016,8.599,,,,,,
08/08/2016,8.753,,,,,,
09/08/2016,8.79,,,,,,
10/08/2016,8.769,,,,,,
11/08/2016,8.849,,,,,,
12/08/2016,8.569,,,,,,
15/08/2016,8.727,,,,,,
16/08/2016,8.9,,,,,,
17/08/2016,8.657,,,,,,
18/08/2016,8.8,,,,,,
19/08/2016,8.7,,,,,,
22/08/2016,8.35,,,,,,
23/08/2016,8.761,,,,,,
24/08/2016,8.486,,,,,,
25/08/2016,8.396,,,,,,
26/08/2016,8.585,,,,,,
30/08/2016,8.175,,,,,,
31/08/2016,7.798,,,,,,
01/09/2016,7.887,,,,,,
02/09/2016,8.08,,,,,,
05/09/2016,8.14,,,,,,
06/09/2016,8.268,,,,,,
07/09/2016,8.402,,,,,,
08/09/2016,8.589,,,,,,
09/09/2016,8.466,,,,,,
12/09/2016,8.195,,,,,,
13/09/2016,7.838,,,,,,
14/09/2016,8.036,,,,,,
15/09/2016,8.115,,,,,,
16/09/2016,8.144,,,,,,
19/09/2016,8.609,,,,,,
20/09/2016,8.576,,,,,,
21/09/2016,8.887,,,,,,
22/09/2016,9.205,,,,,,
23/09/2016,9.51,,,,,,
26/09/2016,9.308,,,,,,
27/09/2016,9.168,,,,,,
28/09/2016,9.237,,,,,,
29/09/2016,9.801,,,,,,
30/09/2016,9.676,,,,,,
03/10/2016,9.954,,,,,,
04/10/2016,9.863,,,,,,
05/10/2016,10.11,,,,,,
06/10/2016,9.984,,,,,,
07/10/2016,10.21,,,,,,
10/10/2016,10.425,,,,,,
11/10/2016,10.31,,,,,,
12/10/2016,10.405,,,,,,
13/10/2016,9.906,,,,,,
14/10/2016,10.06,,,,,,
